"date","time","group","subject","build","gender_response","gender_latency","genderother_response","genderother_latency","age_textbox_response","age_textbox_latency","education_response","education_latency","educationother_response","educationother_latency","handedness_response","handedness_latency","task_location_response","task_location_latency","task_locationother_response","task_locationother_latency","ethnicity_response","ethnicity_latency","raceoriginoption1_response","raceoriginoption1_latency","raceoriginoption2_response","raceoriginoption2_latency","raceoriginoption3_response","raceoriginoption3_latency","raceoriginoption4_response","raceoriginoption4_latency","raceoriginoption5_response","raceoriginoption5_latency","raceoriginoption6_response","raceoriginoption6_latency","region_response","region_latency","regionother_response","regionother_latency","native_english_response","native_english_latency","online_sr_q1option1_response","online_sr_q1option1_latency","online_sr_q1option2_response","online_sr_q1option2_latency","online_sr_q1option3_response","online_sr_q1option3_latency","online_sr_q1option4_response","online_sr_q1option4_latency","online_sr_q1option5_response","online_sr_q1option5_latency","online_sr_q1option6_response","online_sr_q1option6_latency","online_sr_q1option7_response","online_sr_q1option7_latency","online_sr_q2option1_response","online_sr_q2option1_latency","online_sr_q2option2_response","online_sr_q2option2_latency","online_sr_q2option3_response","online_sr_q2option3_latency","online_sr_q3_response","online_sr_q3_latency","online_sr_q4option1_response","online_sr_q4option1_latency","online_sr_q4option2_response","online_sr_q4option2_latency","online_sr_q4option3_response","online_sr_q4option3_latency","online_sr_q4option4_response","online_sr_q4option4_latency","online_sr_q4option5_response","online_sr_q4option5_latency","online_sr_q4option6_response","online_sr_q4option6_latency","online_sr_q4option7_response","online_sr_q4option7_latency","online_sr_q4other_response","online_sr_q4other_latency","online_sr_q5_response","online_sr_q5_latency",""
"040117","22:25:03","728332477","103","5.0.6.0","Male","8664","","8664","39","8664","Some college, no degree","8664","","8664","Right","8664","Home","6756","","6756","Not Hispanic or Latino","6756","","6756","","6756","","6756","","6756"," White (a person having origins in any of the original peoples of Europe, the Middle East,    or North Africa)","6756","","6756","Southeast - AL, AR, FL, GA, KY, LA, MS, NC, SC, TN, VA, WV","11411","","11411","Yes","11411","","11411","","11411","","11411","","11411","","11411","None of the above","11411","","11411","","11411","","11411","None","11411","0","13721","","13721","","13721","","13721","","13721","","13721","None","13721","","13721","","13721","0","13721",""
"040117","19:37:37","458465469","104","5.0.6.0","Female","12216","","12216","47","12216","Some college, no degree","12216","","12216","Right","12216","Home","13658","","13658","Not Hispanic or Latino","13658","","13658","","13658","","13658","","13658"," White (a person having origins in any of the original peoples of Europe, the Middle East,    or North Africa)","13658","","13658","West - AK, CA, CO, HI, ID, MT, NV, OR, UT, WA, WY","23107","","23107","Yes","23107","","23107","","23107","","23107","","23107","","23107","None of the above","23107","","23107","","23107","","23107","None","23107","0","12912","","12912","","12912","","12912","","12912","","12912","None","12912","","12912","","12912","0","12912",""
"040117","21:27:44","792230515","105","5.0.6.0","Female","15177","","15177","70","15177","Bachelor's degree","15177","","15177","Right","15177","Home","10082","","10082","Not Hispanic or Latino","10082","","10082","","10082","","10082","","10082"," White (a person having origins in any of the original peoples of Europe, the Middle East,    or North Africa)","10082","","10082","Southwest - AZ, NM, OK, TX","19426","","19426","Yes","19426","","19426","","19426","","19426","","19426","","19426","None of the above","19426","","19426","","19426","","19426","None","19426","0","14365","","14365","","14365","","14365","","14365","","14365","None","14365","","14365","","14365","0","14365",""
"040117","22:27:12","764672350","106","5.0.6.0","Male","10323","","10323"," ","10323","Master's degree","10323","","10323","Ambidextrous","10323","Home","9553","","9553","Not Hispanic or Latino","9553","","9553","","9553","","9553","","9553"," White (a person having origins in any of the original peoples of Europe, the Middle East,    or North Africa)","9553","","9553","Southeast - AL, AR, FL, GA, KY, LA, MS, NC, SC, TN, VA, WV","14737","","14737","Yes","14737","","14737","","14737","A vehicle accident or crash?","14737","","14737","","14737","","14737","","14737","","14737","","14737","None","14737","0","9564","","9564","","9564","","9564","","9564","","9564","None","9564","","9564","","9564","1","9564",""
"040117","19:32:14","741775685","108","5.0.6.0","Male","33710","","33710","38","33710","Some college, no degree","33710","","33710","Right","33710","Home","8033","","8033","Not Hispanic or Latino","8033","","8033","","8033","","8033","","8033"," White (a person having origins in any of the original peoples of Europe, the Middle East,    or North Africa)","8033","","8033","West - AK, CA, CO, HI, ID, MT, NV, OR, UT, WA, WY","19583","","19583","No","19583","","19583","","19583","","19583","","19583","","19583","None of the above","19583","","19583","","19583","","19583","None","19583","0","10850","","10850","","10850","","10850","","10850","","10850","None","10850","","10850","","10850","0","10850",""
"040117","22:30:10","444965400","109","5.0.6.0","Male","10082","","10082","25","10082","Some college, no degree","10082","","10082","Left","10082","Home","7292","","7292","Not Hispanic or Latino","7292","","7292","","7292","","7292","","7292"," White (a person having origins in any of the original peoples of Europe, the Middle East,    or North Africa)","7292","","7292","Southeast - AL, AR, FL, GA, KY, LA, MS, NC, SC, TN, VA, WV","18906","","18906","Yes","18906","","18906","","18906","A vehicle accident or crash?","18906","","18906","","18906","","18906","","18906","","18906","","18906","None","18906","0","10161","","10161","","10161","","10161","","10161","","10161","None","10161","","10161","","10161","0","10161",""
"040117","21:06:46","868160974","10","5.0.6.0","Male","95511","","95511","21","95511","Bachelor's degree","95511","","95511","Right","95511","Home","5813","","5813","Not Hispanic or Latino","5813","","5813","","5813","","5813","","5813"," White (a person having origins in any of the original peoples of Europe, the Middle East,    or North Africa)","5813","","5813","Midwest - IA, IL, IN, KS, MI, MN, MO, ND, NE, OH, SD, WI","16226","","16226","Yes","16226","","16226","","16226","A vehicle accident or crash?","16226","","16226","","16226","","16226","","16226","","16226","","16226","None","16226","0","6206","","6206","","6206","","6206","","6206","","6206","None","6206","","6206","","6206","0","6206",""
"040117","22:30:21","874221413","110","5.0.6.0","Female","12820","","12820","23","12820","Bachelor's degree","12820","","12820","Right","12820","Home","7241","","7241","Not Hispanic or Latino","7241","","7241","","7241","","7241","","7241"," White (a person having origins in any of the original peoples of Europe, the Middle East,    or North Africa)","7241","","7241","Northeast - CT, DC, DE, MA, MD, ME, NH, NJ, NY, PA, RI, VT","25142","","25142","Yes","25142","","25142","","25142","","25142","","25142","","25142","None of the above","25142","","25142","","25142","","25142","None","25142","0","11824","","11824","","11824","","11824","","11824","","11824","None","11824","","11824","","11824","0","11824",""
"040117","22:30:46","390272937","113","5.0.6.0","","22343","","22343","","22343","","22343","","22343","","22343","","","","","","","","","","","","","","","","","","","","","","","","","","","","","","","","","","","","","","","","","","","","","","","","","","","","","","","","","","","","","","","","",""
"040117","22:31:34","390272937","113","5.0.6.0","Male","8047","","8047","33","8047","Bachelor's degree","8047","","8047","Right","8047","Home","8357","","8357","Not Hispanic or Latino","8357","","8357","","8357","","8357","","8357"," White (a person having origins in any of the original peoples of Europe, the Middle East,    or North Africa)","8357","","8357","Northeast - CT, DC, DE, MA, MD, ME, NH, NJ, NY, PA, RI, VT","17715","","17715","Yes","17715","","17715","","17715","A vehicle accident or crash?","17715","","17715","","17715","","17715","","17715","","17715","","17715","None","17715","0","8671","","8671","","8671","","8671","","8671","","8671","None","8671","","8671","","8671","0","8671",""
"040117","21:33:30","829310969","115","5.0.6.0","Female","18325","","18325","54","18325","High school diploma or equivalent","18325","","18325","Right","18325","Home","11755","","11755","Not Hispanic or Latino","11755","","11755","","11755","","11755","","11755"," White (a person having origins in any of the original peoples of Europe, the Middle East,    or North Africa)","11755","","11755","Midwest - IA, IL, IN, KS, MI, MN, MO, ND, NE, OH, SD, WI","53831","","53831","Yes","53831","A fall in which you hit your head","53831","","53831","A vehicle accident or crash?","53831","","53831","","53831","","53831","","53831","","53831","","53831","None","53831","0","19971","","19971","","19971","","19971","","19971","","19971","None","19971","","19971","","19971","0","19971",""
"040117","19:35:38","720746030","117","5.0.6.0","Male","47025","","47025","30","47025","Some college, no degree","47025","","47025","Left","47025","Home","7428","","7428","Not Hispanic or Latino","7428","","7428","","7428","","7428","","7428"," White (a person having origins in any of the original peoples of Europe, the Middle East,    or North Africa)","7428","","7428","West - AK, CA, CO, HI, ID, MT, NV, OR, UT, WA, WY","25014","","25014","Yes","25014","","25014","","25014","","25014","","25014","","25014","None of the above","25014","","25014","","25014","","25014","None","25014","0","12882","","12882","","12882","","12882","","12882","","12882","None","12882","","12882","","12882","0","12882",""
"040117","19:35:54","811969216","118","5.0.6.0","Male","13073","","13073","23","13073","Associate's degree","13073","","13073","Right","13073","Home","12202","","12202","Not Hispanic or Latino","12202","","12202","","12202","","12202","","12202"," White (a person having origins in any of the original peoples of Europe, the Middle East,    or North Africa)","12202","","12202","West - AK, CA, CO, HI, ID, MT, NV, OR, UT, WA, WY","13125","","13125","Yes","13125","","13125","","13125","","13125","","13125","","13125","None of the above","13125","","13125","","13125","","13125","None","13125","0","19183","","19183","","19183","","19183","","19183","","19183","None","19183","","19183","","19183","0","19183",""
"040117","22:40:17","726244744","119","5.0.6.0","Male","13569","","13569","35","13569","Some college, no degree","13569","","13569","Right","13569","Home","8053","","8053","Not Hispanic or Latino","8053","","8053","","8053","","8053","","8053"," White (a person having origins in any of the original peoples of Europe, the Middle East,    or North Africa)","8053","","8053","Northeast - CT, DC, DE, MA, MD, ME, NH, NJ, NY, PA, RI, VT","15886","","15886","Yes","15886","","15886","","15886","","15886","","15886","","15886","None of the above","15886","","15886","","15886","","15886","None","15886","0","13540","","13540","","13540","","13540","","13540","","13540","None","13540","","13540","","13540","0","13540",""
"040117","21:06:55","866484006","11","5.0.6.0","Male","12644","","12644","35","12644","Bachelor's degree","12644","","12644","Right","12644","Home","6372","","6372","Not Hispanic or Latino","6372","","6372","","6372","","6372","","6372"," White (a person having origins in any of the original peoples of Europe, the Middle East,    or North Africa)","6372","","6372","Midwest - IA, IL, IN, KS, MI, MN, MO, ND, NE, OH, SD, WI","23420","","23420","Yes","23420","","23420","","23420","A vehicle accident or crash?","23420","","23420","","23420","","23420","","23420","","23420","","23420","None","23420","0","7957","","7957","","7957","","7957","","7957","","7957","None","7957","","7957","","7957","0","7957",""
"040117","21:46:21","297528369","120","5.0.6.0","Female","37531","","37531","30","37531","Some college, no degree","37531","","37531","Right","37531","Home","16519","","16519","Not Hispanic or Latino","16519","","16519","","16519"," Black or African American (a person having origins in any of the black racial groups of Africa)","16519","","16519","","16519","","16519","Southeast - AL, AR, FL, GA, KY, LA, MS, NC, SC, TN, VA, WV","15559","","15559","Yes","15559","","15559","","15559","","15559","","15559","","15559","None of the above","15559","","15559","","15559","","15559","None","15559","0","8667","","8667","","8667","","8667","","8667","","8667","None","8667","","8667","","8667","0","8667",""
"040117","22:47:42","102010064","121","5.0.6.0","Female","10785","","10785","30","10785","Some college, no degree","10785","","10785","Right","10785","Home","7707","","7707","Not Hispanic or Latino","7707","","7707","","7707","","7707","","7707"," White (a person having origins in any of the original peoples of Europe, the Middle East,    or North Africa)","7707","","7707","Southeast - AL, AR, FL, GA, KY, LA, MS, NC, SC, TN, VA, WV","14352","","14352","Yes","14352","","14352","","14352","","14352","","14352","","14352","None of the above","14352","","14352","","14352","","14352","None","14352","0","14051","","14051","","14051","","14051","","14051","","14051","None","14051","","14051","","14051","1","14051",""
"040117","21:47:45","683833366","122","5.0.6.0","Male","7767","","7767","28","7767","Bachelor's degree","7767","","7767","Right","7767","Home","6797","","6797","Not Hispanic or Latino","6797","","6797","","6797","","6797","","6797"," White (a person having origins in any of the original peoples of Europe, the Middle East,    or North Africa)","6797","","6797","Southeast - AL, AR, FL, GA, KY, LA, MS, NC, SC, TN, VA, WV","16242","","16242","Yes","16242","A fall in which you hit your head","16242","An altercation or fight that involved a blow to the head","16242","","16242","","16242","","16242","","16242","","16242","","16242","","16242","None","16242","0","11543","","11543","","11543","","11543","","11543","","11543","None","11543","","11543","","11543","0","11543",""
"040117","20:48:00","980097608","123","5.0.6.0","Female","94420","","94420","34","94420","Master's degree","94420","","94420","Right","94420","Home","3721","","3721","Not Hispanic or Latino","3721","","3721","","3721","","3721","","3721"," White (a person having origins in any of the original peoples of Europe, the Middle East,    or North Africa)","3721","","3721","Southwest - AZ, NM, OK, TX","27165","","27165","Yes","27165","A fall in which you hit your head","27165","An altercation or fight that involved a blow to the head","27165","","27165","","27165","","27165","","27165","","27165","","27165","","27165","None","27165","0","9340","","9340","","9340","","9340","","9340","","9340","None","9340","","9340","","9340","1","9340",""
"040117","19:48:34","127531273","124","5.0.6.0","Male","7483","","7483","30","7483","Some college, no degree","7483","","7483","Left","7483","Home","4908","","4908","Not Hispanic or Latino","4908","","4908","","4908","","4908","","4908"," White (a person having origins in any of the original peoples of Europe, the Middle East,    or North Africa)","4908","","4908","West - AK, CA, CO, HI, ID, MT, NV, OR, UT, WA, WY","7335","","7335","Yes","7335","","7335","","7335","","7335","","7335","","7335","None of the above","7335","","7335","","7335","","7335","None","7335","0","5347","","5347","","5347","","5347","","5347","","5347","None","5347","","5347","","5347","0","5347",""
"040117","20:02:31","752288777","125","5.0.6.0","Male","8364","","8364","44","8364","Bachelor's degree","8364","","8364","Right","8364","Home","10326","","10326","Not Hispanic or Latino","10326","","10326","","10326","","10326","","10326"," White (a person having origins in any of the original peoples of Europe, the Middle East,    or North Africa)","10326","","10326","West - AK, CA, CO, HI, ID, MT, NV, OR, UT, WA, WY","12552","","12552","Yes","12552","","12552","","12552","","12552","","12552","","12552","None of the above","12552","","12552","","12552","","12552","None","12552","0","12125","","12125","","12125","","12125","","12125","","12125","None","12125","","12125","","12125","0","12125",""
"040117","22:05:14","680045859","126","5.0.6.0","Male","111355","","111355","42","111355","High school diploma or equivalent","111355","","111355","Right","111355","Home","10929","","10929","Not Hispanic or Latino","10929","","10929","","10929","","10929","","10929"," White (a person having origins in any of the original peoples of Europe, the Middle East,    or North Africa)","10929","","10929","Midwest - IA, IL, IN, KS, MI, MN, MO, ND, NE, OH, SD, WI","18238","","18238","Yes","18238","","18238","","18238","","18238","","18238","","18238","None of the above","18238","","18238","","18238","","18238","None","18238","0","13275","High blood pressure","13275","Diabetes","13275","","13275","","13275","","13275","","13275","","13275","","13275","0","13275",""
"040117","23:50:42","967225690","128","5.0.6.0","Male","14146","","14146","31","14146","High school diploma or equivalent","14146","","14146","Right","14146","Home","9430","","9430","Not Hispanic or Latino","9430","","9430","","9430","","9430","","9430"," White (a person having origins in any of the original peoples of Europe, the Middle East,    or North Africa)","9430","","9430","Southeast - AL, AR, FL, GA, KY, LA, MS, NC, SC, TN, VA, WV","19742","","19742","Yes","19742","","19742","","19742","","19742","","19742","","19742","None of the above","19742","","19742","","19742","","19742","None","19742","0","13126","","13126","","13126","","13126","","13126","","13126","None","13126","","13126","","13126","0","13126",""
"040217","11:39:40","611386249","129","5.0.6.0","Female","5370","","5370","28","5370","Bachelor's degree","5370","","5370","Right","5370","Home","6141","","6141","Not Hispanic or Latino","6141","","6141","","6141"," Black or African American (a person having origins in any of the black racial groups of Africa)","6141","","6141","","6141","","6141","West - AK, CA, CO, HI, ID, MT, NV, OR, UT, WA, WY","21394","","21394","Yes","21394","","21394","","21394","","21394","","21394","","21394","None of the above","21394","","21394","","21394","","21394","None","21394","0","7729","","7729","","7729","","7729","","7729","","7729","None","7729","","7729","","7729","0","7729",""
"040117","22:14:05","87172931","12","5.0.6.0","Male","21537","","21537","28","21537","Associate's degree","21537","","21537","Left","21537","Home","6532","","6532","Not Hispanic or Latino","6532","","6532","","6532","","6532","","6532"," White (a person having origins in any of the original peoples of Europe, the Middle East,    or North Africa)","6532","","6532","Northeast - CT, DC, DE, MA, MD, ME, NH, NJ, NY, PA, RI, VT","20505","","20505","Yes","20505","","20505","An altercation or fight that involved a blow to the head","20505","","20505","","20505","","20505","","20505","","20505","","20505","","20505","None","20505","0","6838","","6838","","6838","","6838","","6838","","6838","None","6838","","6838","","6838","0","6838",""
"040117","20:47:36","479610895","130","5.0.6.0","Female","13584","","13584","30","13584","Bachelor's degree","13584","","13584","Right","13584","Home","9166","","9166","Not Hispanic or Latino","9166","","9166"," Asian (a person having origins in any of the original peoples of the Far East, Southeast    Asia, or the Indian Subcontinent, including, for example, Cambodia, China, India, Japan,    Korea, Malaysia, Pakistan, the Philippine Islands, Thailand, and Vietnam)","9166","","9166","","9166","","9166","","9166","West - AK, CA, CO, HI, ID, MT, NV, OR, UT, WA, WY","31015","","31015","Yes","31015","","31015","","31015","A vehicle accident or crash?","31015","","31015","","31015","","31015","","31015","","31015","","31015","None","31015","0","26157","","26157","","26157","","26157","","26157","","26157","None","26157","","26157","","26157","0","26157",""
"040117","21:26:50","479610895","130","5.0.6.0","","17912","","17912","","17912","","17912","","17912","","17912","","","","","","","","","","","","","","","","","","","","","","","","","","","","","","","","","","","","","","","","","","","","","","","","","","","","","","","","","","","","","","","","",""
"040117","23:39:43","476124314","131","5.0.6.0","Male","14924","","14924","58","14924","Some college, no degree","14924","","14924","Right","14924","Home","18429","","18429","Not Hispanic or Latino","18429","","18429","","18429","","18429","","18429"," White (a person having origins in any of the original peoples of Europe, the Middle East,    or North Africa)","18429","","18429","Northeast - CT, DC, DE, MA, MD, ME, NH, NJ, NY, PA, RI, VT","35366","","35366","Yes","35366","","35366","","35366","","35366","","35366","","35366","None of the above","35366","","35366","","35366","","35366","None","35366","0","14468","","14468","","14468","","14468","","14468","","14468","None","14468","","14468","","14468","0","14468",""
"040117","20:40:20","874513711","132","5.0.6.0","Female","21245","","21245","68","21245","High school diploma or equivalent","21245","","21245","Right","21245","Home","23048","","23048","Not Hispanic or Latino","23048","","23048","","23048","","23048","","23048"," White (a person having origins in any of the original peoples of Europe, the Middle East,    or North Africa)","23048","","23048","West - AK, CA, CO, HI, ID, MT, NV, OR, UT, WA, WY","34244","","34244","Yes","34244","","34244","","34244","","34244","","34244","","34244","None of the above","34244","","34244","","34244","","34244","None","34244","0","27199","High blood pressure","27199","","27199","","27199","","27199","","27199","","27199","","27199","","27199","1","27199",""
"040117","21:06:32","403920480","135","5.0.6.0","Female","12218","","12218","40","12218","Master's degree","12218","","12218","Right","12218","Home","13760","","13760","Not Hispanic or Latino","13760","","13760","","13760","","13760","","13760"," White (a person having origins in any of the original peoples of Europe, the Middle East,    or North Africa)","13760","","13760","Southwest - AZ, NM, OK, TX","13982","","13982","Yes","13982","","13982","","13982","","13982","","13982","","13982","None of the above","13982","","13982","","13982","","13982","None","13982","0","15974","","15974","","15974","","15974","","15974","","15974","None","15974","","15974","","15974","1","15974",""
"040217","00:21:10","95194020","136","5.0.6.0","Female","12650","","12650","42","12650","Bachelor's degree","12650","","12650","Right","12650","Home","15391","","15391","Not Hispanic or Latino","15391","","15391","","15391","","15391","","15391"," White (a person having origins in any of the original peoples of Europe, the Middle East,    or North Africa)","15391","","15391","Southeast - AL, AR, FL, GA, KY, LA, MS, NC, SC, TN, VA, WV","29231","","29231","Yes","29231","","29231","","29231","","29231","","29231","","29231","None of the above","29231","","29231","Concussion","29231","","29231","","29231","0","29010","","29010","","29010","","29010","","29010","","29010","None","29010","","29010","","29010","0","29010",""
"040117","21:22:15","745361362","137","5.0.6.0","Female","8482","","8482","36","8482","Bachelor's degree","8482","","8482","Right","8482","Home","12889","","12889","I prefer not to answer this question","12889","","12889","","12889","","12889","","12889","","12889"," I prefer not to answer this question","12889","West - AK, CA, CO, HI, ID, MT, NV, OR, UT, WA, WY","10173","","10173","Yes","10173","","10173","","10173","","10173","","10173","","10173","None of the above","10173","","10173","","10173","","10173","None","10173","0","8516","","8516","","8516","","8516","","8516","","8516","None","8516","","8516","","8516","0","8516",""
"040117","21:07:18","606476163","15","5.0.6.0","Male","11303","","11303","47","11303","Associate's degree","11303","","11303","Right","11303","Home","14016","","14016","Not Hispanic or Latino","14016","","14016","","14016"," Black or African American (a person having origins in any of the black racial groups of Africa)","14016","","14016","","14016","","14016","Midwest - IA, IL, IN, KS, MI, MN, MO, ND, NE, OH, SD, WI","60800","","60800","Yes","60800","A fall in which you hit your head","60800","An altercation or fight that involved a blow to the head","60800","A vehicle accident or crash?","60800","","60800","","60800","","60800","Other blow to head","60800","","60800","","60800","None","60800","0","36960","","36960","","36960","","36960","","36960","","36960","None","36960","","36960","","36960","0","36960",""
"040117","22:07:16","611769761","17","5.0.6.0","Male","12192","","12192","22","12192","Bachelor's degree","12192","","12192","Left","12192","Home","7256","","7256","Not Hispanic or Latino","7256","","7256","","7256","","7256","","7256"," White (a person having origins in any of the original peoples of Europe, the Middle East,    or North Africa)","7256","","7256","West - AK, CA, CO, HI, ID, MT, NV, OR, UT, WA, WY","16503","","16503","Yes","16503","A fall in which you hit your head","16503","An altercation or fight that involved a blow to the head","16503","A vehicle accident or crash?","16503","","16503","","16503","","16503","","16503","Concussion","16503","","16503","","16503","0","22572","","22572","","22572","","22572","","22572","","22572","","22572","Other condition (Please Specify)","22572","bipolar","22572","1","22572",""
"040117","22:09:37","529244331","19","5.0.6.0","Male","9060","","9060","54","9060","Bachelor's degree","9060","","9060","Right","9060","Home","6893","","6893","Not Hispanic or Latino","6893","","6893","","6893","","6893","","6893"," White (a person having origins in any of the original peoples of Europe, the Middle East,    or North Africa)","6893","","6893","Midwest - IA, IL, IN, KS, MI, MN, MO, ND, NE, OH, SD, WI","15085","","15085","Yes","15085","","15085","","15085","","15085","","15085","","15085","","15085","Other blow to head","15085","","15085","","15085","None","15085","0","14236","","14236","","14236","Thyroid Disease","14236","","14236","","14236","","14236","","14236","","14236","0","14236",""
"040117","22:07:22","505338229","21","5.0.6.0","Female","9210","","9210","24","9210","Bachelor's degree","9210","","9210","Left","9210","Home","6785","","6785","Not Hispanic or Latino","6785","","6785"," Asian (a person having origins in any of the original peoples of the Far East, Southeast    Asia, or the Indian Subcontinent, including, for example, Cambodia, China, India, Japan,    Korea, Malaysia, Pakistan, the Philippine Islands, Thailand, and Vietnam)","6785","","6785","","6785","","6785","","6785","Northeast - CT, DC, DE, MA, MD, ME, NH, NJ, NY, PA, RI, VT","13866","","13866","Yes","13866","","13866","","13866","","13866","","13866","","13866","None of the above","13866","","13866","","13866","","13866","None","13866","0","8822","","8822","","8822","","8822","","8822","","8822","None","8822","","8822","","8822","0","8822",""
"040117","22:07:27","710391968","22","5.0.6.0","Female","15985","","15985","41","15985","Less than high school","15985","","15985","Right","15985","Home","9410","","9410","Not Hispanic or Latino","9410","","9410","","9410","","9410","","9410"," White (a person having origins in any of the original peoples of Europe, the Middle East,    or North Africa)","9410","","9410","Midwest - IA, IL, IN, KS, MI, MN, MO, ND, NE, OH, SD, WI","17987","","17987","Yes","17987","","17987","","17987","","17987","","17987","","17987","None of the above","17987","","17987","","17987","","17987","None","17987","0","22620","","22620","","22620","","22620","","22620","","22620","None","22620","","22620","","22620","1","22620",""
"040117","22:07:26","549032547","23","5.0.6.0","Female","17733","","17733","49","17733","Doctoral or professional degree","17733","","17733","Right","17733","Home","128623","","128623","Not Hispanic or Latino","128623","","128623"," Asian (a person having origins in any of the original peoples of the Far East, Southeast    Asia, or the Indian Subcontinent, including, for example, Cambodia, China, India, Japan,    Korea, Malaysia, Pakistan, the Philippine Islands, Thailand, and Vietnam)","128623","","128623","","128623","","128623","","128623","Northeast - CT, DC, DE, MA, MD, ME, NH, NJ, NY, PA, RI, VT","14772","","14772","Yes","14772","","14772","","14772","","14772","","14772","","14772","None of the above","14772","","14772","","14772","","14772","None","14772","0","18362","","18362","","18362","","18362","","18362","","18362","None","18362","","18362","","18362","0","18362",""
"040117","21:07:26","744194287","24","5.0.6.0","Male","14346","","14346","30","14346","Some college, no degree","14346","","14346","Right","14346","Home","33565","","33565","Not Hispanic or Latino","33565","","33565","","33565","","33565","","33565"," White (a person having origins in any of the original peoples of Europe, the Middle East,    or North Africa)","33565","","33565","Midwest - IA, IL, IN, KS, MI, MN, MO, ND, NE, OH, SD, WI","10779","","10779","Yes","10779","A fall in which you hit your head","10779","","10779","","10779","","10779","","10779","","10779","","10779","Concussion","10779","","10779","","10779","0","10632","","10632","","10632","","10632","","10632","","10632","None","10632","","10632","","10632","0","10632",""
"040117","20:08:30","733759823","26","5.0.6.0","Female","28093","","28093","59","28093","Associate's degree","28093","","28093","Right","28093","Home","12403","","12403","Not Hispanic or Latino","12403","","12403","","12403","","12403","","12403"," White (a person having origins in any of the original peoples of Europe, the Middle East,    or North Africa)","12403","","12403","West - AK, CA, CO, HI, ID, MT, NV, OR, UT, WA, WY","28351","","28351","Yes","28351","","28351","","28351","","28351","","28351","","28351","None of the above","28351","","28351","","28351","","28351","None","28351","0","15018","","15018","","15018","","15018","","15018","","15018","None","15018","","15018","","15018","0","15018",""
"040217","07:39:25","791950592","27","5.0.6.0","Male","19598","","19598","28","19598","Bachelor's degree","19598","","19598","Right","19598","Home","22637","","22637","Not Hispanic or Latino","22637","","22637"," Asian (a person having origins in any of the original peoples of the Far East, Southeast    Asia, or the Indian Subcontinent, including, for example, Cambodia, China, India, Japan,    Korea, Malaysia, Pakistan, the Philippine Islands, Thailand, and Vietnam)","22637","","22637","","22637","","22637","","22637","I live outside the United States (please specify)","97833","INDIA","97833","Yes","97833","A fall in which you hit your head","97833","","97833","A vehicle accident or crash?","97833","","97833","","97833","","97833","","97833","","97833","","97833","None","97833","0","69183","","69183","","69183","","69183","","69183","","69183","None","69183","","69183","","69183","0","69183",""
"040117","22:09:35","664892362","28","5.0.6.0","Female","19037","","19037","68","19037","Bachelor's degree","19037","","19037","Right","19037","Home","13270","","13270","Not Hispanic or Latino","13270","","13270","","13270","","13270","","13270"," White (a person having origins in any of the original peoples of Europe, the Middle East,    or North Africa)","13270","","13270","Southeast - AL, AR, FL, GA, KY, LA, MS, NC, SC, TN, VA, WV","24356","","24356","Yes","24356","A fall in which you hit your head","24356","","24356","","24356","","24356","","24356","","24356","","24356","Concussion","24356","","24356","","24356","0","21757","","21757","","21757","Thyroid Disease","21757","","21757","","21757","","21757","","21757","","21757","0","21757",""
"040117","22:07:14","360675244","29","5.0.6.0","Male","6504","","6504","21","6504","Some college, no degree","6504","","6504","Right","6504","Home","7317","","7317","Not Hispanic or Latino","7317","","7317","","7317","","7317","","7317"," White (a person having origins in any of the original peoples of Europe, the Middle East,    or North Africa)","7317","","7317","Southeast - AL, AR, FL, GA, KY, LA, MS, NC, SC, TN, VA, WV","15463","","15463","Yes","15463","A fall in which you hit your head","15463","","15463","A vehicle accident or crash?","15463","","15463","","15463","","15463","","15463","","15463","","15463","None","15463","0","6944","","6944","","6944","","6944","","6944","","6944","None","6944","","6944","","6944","0","6944",""
"040217","10:07:50","87084535","31","5.0.6.0","Male","84416","","84416","29","84416","Bachelor's degree","84416","","84416","Right","84416","Home","16761","","16761","Not Hispanic or Latino","16761","","16761","","16761","","16761","","16761"," White (a person having origins in any of the original peoples of Europe, the Middle East,    or North Africa)","16761","","16761","West - AK, CA, CO, HI, ID, MT, NV, OR, UT, WA, WY","117312","","117312","Yes","117312","A fall in which you hit your head","117312","","117312","","117312","","117312","","117312","","117312","","117312","Concussion","117312","","117312","","117312","0","102502","","102502","","102502","","102502","","102502","","102502","None","102502","","102502","","102502","0","102502",""
"040117","19:07:24","731856188","32","5.0.6.0","Male","10558","","10558","70","10558","Master's degree","10558","","10558","Right","10558","Home","10943","","10943","Not Hispanic or Latino","10943","","10943","","10943","","10943","","10943"," White (a person having origins in any of the original peoples of Europe, the Middle East,    or North Africa)","10943","","10943","Southwest - AZ, NM, OK, TX","28048","","28048","Yes","28048","","28048","","28048","","28048","","28048","","28048","None of the above","28048","","28048","","28048","","28048","None","28048","0","15157","","15157","","15157","","15157","","15157","","15157","None","15157","","15157","","15157","0","15157",""
"040117","22:07:28","849672465","33","5.0.6.0","Male","16654","","16654","44","16654","Bachelor's degree","16654","","16654","Right","16654","Home","7899","","7899","Not Hispanic or Latino","7899","","7899","","7899","","7899","","7899"," White (a person having origins in any of the original peoples of Europe, the Middle East,    or North Africa)","7899","","7899","Southeast - AL, AR, FL, GA, KY, LA, MS, NC, SC, TN, VA, WV","11985","","11985","Yes","11985","","11985","","11985","","11985","","11985","","11985","None of the above","11985","","11985","","11985","","11985","None","11985","0","9434","","9434","","9434","","9434","","9434","","9434","None","9434","","9434","","9434","0","9434",""
"040217","10:08:47","830126478","34","5.0.6.0","Male","15607","","15607","25","15607","Bachelor's degree","15607","","15607","Left","15607","Home","14599","","14599","Not Hispanic or Latino","14599","","14599"," Asian (a person having origins in any of the original peoples of the Far East, Southeast    Asia, or the Indian Subcontinent, including, for example, Cambodia, China, India, Japan,    Korea, Malaysia, Pakistan, the Philippine Islands, Thailand, and Vietnam)","14599","","14599","","14599","","14599","","14599","I live outside the United States (please specify)","38602","Philippines","38602","Yes","38602","","38602","","38602","A vehicle accident or crash?","38602","","38602","","38602","","38602","","38602","","38602","","38602","None","38602","0","26795","","26795","","26795","","26795","","26795","","26795","None","26795","","26795","","26795","0","26795",""
"040117","19:07:14","827070671","35","5.0.6.0","Female","13341","","13341","53","13341","High school diploma or equivalent","13341","","13341","Left","13341","Home","9473","","9473","Not Hispanic or Latino","9473","","9473","","9473","","9473","","9473"," White (a person having origins in any of the original peoples of Europe, the Middle East,    or North Africa)","9473","","9473","West - AK, CA, CO, HI, ID, MT, NV, OR, UT, WA, WY","21606","","21606","Yes","21606","","21606","","21606","","21606","","21606","","21606","None of the above","21606","","21606","","21606","","21606","None","21606","0","15216","","15216","","15216","","15216","","15216","","15216","None","15216","","15216","","15216","0","15216",""
"040117","20:07:22","809052588","36","5.0.6.0","Male","13338","","13338","27","13338","Bachelor's degree","13338","","13338","Right","13338","Home","20865","","20865","Hispanic or Latino (a person of Cuban, Mexican, Puerto Rican,  Cuban, South or Central American, or other Spanish culture or origin, regardless of race)","20865","","20865","","20865","","20865","","20865"," White (a person having origins in any of the original peoples of Europe, the Middle East,    or North Africa)","20865","","20865","Southwest - AZ, NM, OK, TX","35755","","35755","Yes","35755","A fall in which you hit your head","35755","An altercation or fight that involved a blow to the head","35755","A vehicle accident or crash?","35755","","35755","","35755","","35755","Other blow to head","35755","Concussion","35755","","35755","","35755","1","25407","","25407","Diabetes","25407","Thyroid Disease","25407","","25407","","25407","","25407","","25407","","25407","0","25407",""
"040117","22:07:35","988096656","37","5.0.6.0","Female","8785","","8785","37","8785","Bachelor's degree","8785","","8785","Left","8785","Home","9200","","9200","Not Hispanic or Latino","9200","","9200","","9200","","9200","","9200"," White (a person having origins in any of the original peoples of Europe, the Middle East,    or North Africa)","9200","","9200","Southeast - AL, AR, FL, GA, KY, LA, MS, NC, SC, TN, VA, WV","12543","","12543","Yes","12543","","12543","","12543","","12543","","12543","","12543","None of the above","12543","","12543","","12543","","12543","None","12543","0","9070","","9070","","9070","","9070","","9070","","9070","None","9070","","9070","","9070","0","9070",""
"040117","22:07:21","775250019","38","5.0.6.0","Female","21904","","21904","43","21904","Associate's degree","21904","","21904","Right","21904","Home","9328","","9328","Not Hispanic or Latino","9328","","9328","","9328","","9328","","9328"," White (a person having origins in any of the original peoples of Europe, the Middle East,    or North Africa)","9328","","9328","Northeast - CT, DC, DE, MA, MD, ME, NH, NJ, NY, PA, RI, VT","15868","","15868","Yes","15868","","15868","","15868","","15868","","15868","","15868","None of the above","15868","","15868","","15868","","15868","None","15868","0","12158","","12158","","12158","","12158","","12158","","12158","None","12158","","12158","","12158","0","12158",""
"040117","22:07:35","161697855","39","5.0.6.0","Female","14594","","14594","39","14594","High school diploma or equivalent","14594","","14594","Left","14594","Home","11783","","11783","Not Hispanic or Latino","11783","","11783","","11783","","11783","","11783"," White (a person having origins in any of the original peoples of Europe, the Middle East,    or North Africa)","11783","","11783","Midwest - IA, IL, IN, KS, MI, MN, MO, ND, NE, OH, SD, WI","15189","","15189","Yes","15189","","15189","","15189","","15189","","15189","","15189","None of the above","15189","","15189","","15189","","15189","None","15189","0","16931","High blood pressure","16931","","16931","","16931","","16931","","16931","","16931","","16931","","16931","0","16931",""
"040117","21:08:32","932987404","3","5.0.6.0","Male","9866","","9866","34","9866","Master's degree","9866","","9866","Right","9866","Home","10593","","10593","Not Hispanic or Latino","10593","","10593","","10593","","10593","","10593"," White (a person having origins in any of the original peoples of Europe, the Middle East,    or North Africa)","10593","","10593","Midwest - IA, IL, IN, KS, MI, MN, MO, ND, NE, OH, SD, WI","20781","","20781","Yes","20781","A fall in which you hit your head","20781","An altercation or fight that involved a blow to the head","20781","A vehicle accident or crash?","20781","","20781","","20781","","20781","","20781","Concussion","20781","","20781","","20781","1","12895","","12895","","12895","","12895","","12895","","12895","None","12895","","12895","","12895","0","12895",""
"040217","14:09:11","263380186","40","5.0.6.0","Male","17584","","17584","27","17584","Master's degree","17584","","17584","Right","17584","Home","10377","","10377","Not Hispanic or Latino","10377","","10377","","10377","","10377","","10377"," White (a person having origins in any of the original peoples of Europe, the Middle East,    or North Africa)","10377","","10377","I live outside the United States (please specify)","32443","New Zealand","32443","Yes","32443","A fall in which you hit your head","32443","","32443","","32443","","32443","","32443","","32443","Other blow to head","32443","Concussion","32443","","32443","","32443","0","8878","","8878","","8878","","8878","","8878","","8878","None","8878","","8878","","8878","0","8878",""
"040117","22:07:41","274094144","41","5.0.6.0","Male","9093","","9093","25","9093","Some college, no degree","9093","","9093","Right","9093","Home","5615","","5615","Not Hispanic or Latino","5615","","5615","","5615","","5615","","5615"," White (a person having origins in any of the original peoples of Europe, the Middle East,    or North Africa)","5615","","5615","Northeast - CT, DC, DE, MA, MD, ME, NH, NJ, NY, PA, RI, VT","18271","","18271","Yes","18271","","18271","","18271","","18271","","18271","","18271","None of the above","18271","","18271","","18271","","18271","None","18271","0","7431","","7431","","7431","","7431","","7431","","7431","None","7431","","7431","","7431","0","7431",""
"040117","22:10:58","164252779","42","5.0.6.0","Male","13484","","13484","30","13484","Associate's degree","13484","","13484","Right","13484","Home","15811","","15811","Not Hispanic or Latino","15811","","15811","","15811","","15811","","15811"," White (a person having origins in any of the original peoples of Europe, the Middle East,    or North Africa)","15811","","15811","Southeast - AL, AR, FL, GA, KY, LA, MS, NC, SC, TN, VA, WV","15386","","15386","Yes","15386","","15386","","15386","","15386","","15386","","15386","None of the above","15386","","15386","","15386","","15386","None","15386","0","11404","","11404","","11404","","11404","","11404","","11404","None","11404","","11404","","11404","0","11404",""
"040217","04:09:01","34509194","43","5.0.6.0","Male","11685","","11685","28","11685","Some college, no degree","11685","","11685","Left","11685","Home","10149","","10149","Not Hispanic or Latino","10149","","10149","","10149","","10149","","10149"," White (a person having origins in any of the original peoples of Europe, the Middle East,    or North Africa)","10149","","10149","I live outside the United States (please specify)","25789","France","25789","No","25789","A fall in which you hit your head","25789","An altercation or fight that involved a blow to the head","25789","A vehicle accident or crash?","25789","","25789","","25789","","25789","","25789","","25789","","25789","None","25789","0","18147","","18147","","18147","","18147","Cancer","18147","","18147","","18147","","18147","","18147","0","18147",""
"040117","21:07:32","9783241","44","5.0.6.0","Male","21805","","21805","28","21805","Bachelor's degree","21805","","21805","Right","21805","Home","17790","","17790","Not Hispanic or Latino","17790","","17790","","17790","","17790","","17790"," White (a person having origins in any of the original peoples of Europe, the Middle East,    or North Africa)","17790","","17790","Southwest - AZ, NM, OK, TX","16603","","16603","Yes","16603","","16603","","16603","","16603","","16603","","16603","None of the above","16603","","16603","","16603","","16603","None","16603","0","12047","","12047","","12047","","12047","","12047","","12047","None","12047","","12047","","12047","0","12047",""
"040117","19:12:02","10081368","45","5.0.6.0","Male","18521","","18521","20","18521","Associate's degree","18521","","18521","Right","18521","Home","7799","","7799","Not Hispanic or Latino","7799","","7799","","7799","","7799","","7799"," White (a person having origins in any of the original peoples of Europe, the Middle East,    or North Africa)","7799","","7799","West - AK, CA, CO, HI, ID, MT, NV, OR, UT, WA, WY","24597","","24597","Yes","24597","","24597","An altercation or fight that involved a blow to the head","24597","","24597","","24597","","24597","","24597","","24597","","24597","","24597","None","24597","0","10527","","10527","","10527","","10527","","10527","","10527","None","10527","","10527","","10527","0","10527",""
"040117","22:07:43","98383019","46","5.0.6.0","Male","121734","","121734","37","121734","Associate's degree","121734","","121734","Right","121734","Home","12492","","12492","Not Hispanic or Latino","12492","","12492","","12492","","12492","","12492"," White (a person having origins in any of the original peoples of Europe, the Middle East,    or North Africa)","12492","","12492","Southeast - AL, AR, FL, GA, KY, LA, MS, NC, SC, TN, VA, WV","33333","","33333","Yes","33333","","33333","An altercation or fight that involved a blow to the head","33333","A vehicle accident or crash?","33333","","33333","","33333","","33333","","33333","","33333","","33333","None","33333","0","16516","","16516","","16516","","16516","","16516","","16516","None","16516","","16516","","16516","0","16516",""
"040117","19:09:09","286482864","47","5.0.6.0","I prefer not to answer this question","18310","","18310","30","18310","I prefer not to answer this question","18310","","18310","Right","18310","Home","8188","","8188","I prefer not to answer this question","8188","","8188","","8188","","8188","","8188","","8188"," I prefer not to answer this question","8188","I prefer not to answer this question","11343","","11343","Yes","11343","","11343","","11343","","11343","","11343","","11343","None of the above","11343","","11343","","11343","","11343","None","11343","0","9804","","9804","","9804","","9804","","9804","","9804","None","9804","","9804","","9804","0","9804",""
"040117","22:08:15","425987920","48","5.0.6.0","Male","37513","","37513","58","37513","High school diploma or equivalent","37513","","37513","Right","37513","Home","20073","","20073","Not Hispanic or Latino","20073","","20073","","20073","","20073","","20073"," White (a person having origins in any of the original peoples of Europe, the Middle East,    or North Africa)","20073","","20073","Northeast - CT, DC, DE, MA, MD, ME, NH, NJ, NY, PA, RI, VT","24090","","24090","Yes","24090","","24090","","24090","","24090","","24090","","24090","None of the above","24090","","24090","","24090","","24090","None","24090","0","13470","","13470","","13470","","13470","","13470","","13470","None","13470","","13470","","13470","0","13470",""
"040117","21:08:15","418776960","49","5.0.6.0","Male","48258","","48258","29","48258","Bachelor's degree","48258","","48258","Right","48258","","","","","","","","","","","","","","","","","","","","","","","","","","","","","","","","","","","","","","","","","","","","","","","","","","","","","","","","","","","","","","","","",""
"040217","07:39:52","415590722","50","5.0.6.0","Male","20770","","20770","32","20770","Bachelor's degree","20770","","20770","Right","20770","Home","23969","","23969","Not Hispanic or Latino","23969","","23969"," Asian (a person having origins in any of the original peoples of the Far East, Southeast    Asia, or the Indian Subcontinent, including, for example, Cambodia, China, India, Japan,    Korea, Malaysia, Pakistan, the Philippine Islands, Thailand, and Vietnam)","23969","","23969","","23969","","23969","","23969","Northeast - CT, DC, DE, MA, MD, ME, NH, NJ, NY, PA, RI, VT","53905","","53905","Yes","53905","A fall in which you hit your head","53905","","53905","A vehicle accident or crash?","53905","","53905","","53905","","53905","","53905","","53905","","53905","None","53905","0","29678","","29678","","29678","","29678","","29678","","29678","None","29678","","29678","","29678","0","29678",""
"040117","22:07:59","752679804","51","5.0.6.0","Male","13581","","13581","20","13581","Associate's degree","13581","","13581","Right","13581","Home","19840","","19840","Not Hispanic or Latino","19840","","19840","","19840","","19840","","19840"," White (a person having origins in any of the original peoples of Europe, the Middle East,    or North Africa)","19840","","19840","Midwest - IA, IL, IN, KS, MI, MN, MO, ND, NE, OH, SD, WI","39630","","39630","Yes","39630","","39630","","39630","A vehicle accident or crash?","39630","","39630","","39630","","39630","Other blow to head","39630","","39630","","39630","None","39630","0","16276","","16276","","16276","","16276","","16276","","16276","None","16276","","16276","","16276","0","16276",""
"040117","19:08:17","839844844","52","5.0.6.0","Male","12582","","12582","34","12582","High school diploma or equivalent","12582","","12582","Right","12582","Home","8259","","8259","Not Hispanic or Latino","8259","","8259","","8259","","8259","","8259"," White (a person having origins in any of the original peoples of Europe, the Middle East,    or North Africa)","8259","","8259","West - AK, CA, CO, HI, ID, MT, NV, OR, UT, WA, WY","14670","","14670","Yes","14670","","14670","","14670","","14670","","14670","","14670","","14670","Other blow to head","14670","","14670","","14670","None","14670","0","10032","","10032","","10032","","10032","","10032","","10032","None","10032","","10032","","10032","0","10032",""
"040117","22:08:00","624373165","53","5.0.6.0","Female","7741","","7741","27","7741","Bachelor's degree","7741","","7741","Right","7741","Home","7691","","7691","Not Hispanic or Latino","7691","","7691"," Asian (a person having origins in any of the original peoples of the Far East, Southeast    Asia, or the Indian Subcontinent, including, for example, Cambodia, China, India, Japan,    Korea, Malaysia, Pakistan, the Philippine Islands, Thailand, and Vietnam)","7691"," Black or African American (a person having origins in any of the black racial groups of Africa)","7691","","7691","","7691","","7691","Southeast - AL, AR, FL, GA, KY, LA, MS, NC, SC, TN, VA, WV","12695","","12695","Yes","12695","","12695","","12695","A vehicle accident or crash?","12695","","12695","","12695","","12695","","12695","","12695","","12695","None","12695","0","10500","","10500","","10500","","10500","","10500","","10500","None","10500","","10500","","10500","0","10500",""
"040117","22:08:09","698420592","54","5.0.6.0","Male","10900","","10900","45","10900","Doctoral or professional degree","10900","","10900","Left","10900","Home","6501","","6501","Not Hispanic or Latino","6501","","6501","","6501","","6501","","6501"," White (a person having origins in any of the original peoples of Europe, the Middle East,    or North Africa)","6501","","6501","Northeast - CT, DC, DE, MA, MD, ME, NH, NJ, NY, PA, RI, VT","11349","","11349","Yes","11349","","11349","An altercation or fight that involved a blow to the head","11349","A vehicle accident or crash?","11349","","11349","","11349","","11349","","11349","","11349","","11349","None","11349","0","25850","","25850","","25850","","25850","","25850","","25850","None","25850","","25850","","25850","1","25850",""
"040117","22:07:49","656365976","55","5.0.6.0","Male","8884","","8884","26","8884","Bachelor's degree","8884","","8884","Right","8884","Home","11219","","11219","Not Hispanic or Latino","11219","","11219","","11219","","11219","","11219"," White (a person having origins in any of the original peoples of Europe, the Middle East,    or North Africa)","11219","","11219","Northeast - CT, DC, DE, MA, MD, ME, NH, NJ, NY, PA, RI, VT","11744","","11744","Yes","11744","","11744","","11744","","11744","","11744","","11744","None of the above","11744","","11744","","11744","","11744","None","11744","0","7927","","7927","","7927","","7927","","7927","","7927","None","7927","","7927","","7927","0","7927",""
"040117","21:08:54","893994495","56","5.0.6.0","Female","9637","","9637","44","9637","Associate's degree","9637","","9637","Left","9637","Home","6445","","6445","Not Hispanic or Latino","6445","","6445","","6445","","6445","","6445"," White (a person having origins in any of the original peoples of Europe, the Middle East,    or North Africa)","6445","","6445","Midwest - IA, IL, IN, KS, MI, MN, MO, ND, NE, OH, SD, WI","19318","","19318","Yes","19318","","19318","","19318","","19318","","19318","","19318","None of the above","19318","","19318","","19318","","19318","None","19318","0","8601","","8601","","8601","","8601","","8601","","8601","None","8601","","8601","","8601","0","8601",""
"040117","20:07:49","951365414","57","5.0.6.0","Female","8369","","8369","24","8369","Some college, no degree","8369","","8369","Right","8369","Home","7160","","7160","Not Hispanic or Latino","7160","","7160","","7160","","7160","","7160"," White (a person having origins in any of the original peoples of Europe, the Middle East,    or North Africa)","7160","","7160","West - AK, CA, CO, HI, ID, MT, NV, OR, UT, WA, WY","14826","","14826","Yes","14826","","14826","","14826","","14826","","14826","","14826","None of the above","14826","","14826","","14826","","14826","None","14826","0","10068","","10068","","10068","","10068","","10068","","10068","None","10068","","10068","","10068","0","10068",""
"040117","22:13:01","234530660","59","5.0.6.0","Female","10513","","10513","35","10513","Bachelor's degree","10513","","10513","Right","10513","Home","7440","","7440","Not Hispanic or Latino","7440","","7440","","7440","","7440","","7440"," White (a person having origins in any of the original peoples of Europe, the Middle East,    or North Africa)","7440","","7440","Northeast - CT, DC, DE, MA, MD, ME, NH, NJ, NY, PA, RI, VT","18372","","18372","Yes","18372","","18372","","18372","A vehicle accident or crash?","18372","","18372","","18372","","18372","","18372","","18372","","18372","None","18372","0","11435","","11435","","11435","","11435","","11435","","11435","None","11435","","11435","","11435","0","11435",""
"040117","22:06:48","134880898","5","5.0.6.0","Male","15573","","15573","36","15573","Some college, no degree","15573","","15573","Right","15573","Home","10166","","10166","Not Hispanic or Latino","10166","","10166","","10166","","10166","","10166"," White (a person having origins in any of the original peoples of Europe, the Middle East,    or North Africa)","10166","","10166","Northeast - CT, DC, DE, MA, MD, ME, NH, NJ, NY, PA, RI, VT","21815","","21815","Yes","21815","A fall in which you hit your head","21815","","21815","A vehicle accident or crash?","21815","","21815","","21815","","21815","","21815","","21815","","21815","None","21815","0","10659","High blood pressure","10659","","10659","","10659","","10659","","10659","","10659","","10659","","10659","0","10659",""
"040117","22:10:04","638959301","60","5.0.6.0","Female","13479","","13479","26","13479","Doctoral or professional degree","13479","","13479","Right","13479","Other (please specify):","18703","library","18703","Not Hispanic or Latino","18703","","18703"," Asian (a person having origins in any of the original peoples of the Far East, Southeast    Asia, or the Indian Subcontinent, including, for example, Cambodia, China, India, Japan,    Korea, Malaysia, Pakistan, the Philippine Islands, Thailand, and Vietnam)","18703","","18703","","18703","","18703","","18703","Northeast - CT, DC, DE, MA, MD, ME, NH, NJ, NY, PA, RI, VT","10241","","10241","Yes","10241","","10241","","10241","","10241","","10241","","10241","None of the above","10241","","10241","","10241","","10241","None","10241","0","8389","","8389","","8389","","8389","","8389","","8389","None","8389","","8389","","8389","0","8389",""
"040217","07:39:41","860984024","61","5.0.6.0","Male","11394","","11394","25","11394","Master's degree","11394","","11394","Right","11394","Home","21816","","21816","Not Hispanic or Latino","21816","","21816"," Asian (a person having origins in any of the original peoples of the Far East, Southeast    Asia, or the Indian Subcontinent, including, for example, Cambodia, China, India, Japan,    Korea, Malaysia, Pakistan, the Philippine Islands, Thailand, and Vietnam)","21816","","21816","","21816","","21816","","21816","West - AK, CA, CO, HI, ID, MT, NV, OR, UT, WA, WY","25862","","25862","Yes","25862","","25862","","25862","","25862","","25862","","25862","None of the above","25862","","25862","","25862","","25862","None","25862","0","12516","","12516","","12516","","12516","","12516","","12516","None","12516","","12516","","12516","0","12516",""
"040117","21:13:39","177409155","62","5.0.6.0","Female","15621","","15621","45","15621","Bachelor's degree","15621","","15621","Right","15621","Home","13403","","13403","Not Hispanic or Latino","13403","","13403","","13403"," Black or African American (a person having origins in any of the black racial groups of Africa)","13403","","13403","","13403","","13403","Midwest - IA, IL, IN, KS, MI, MN, MO, ND, NE, OH, SD, WI","15631","","15631","Yes","15631","","15631","","15631","","15631","","15631","","15631","None of the above","15631","","15631","","15631","","15631","None","15631","0","21088","High blood pressure","21088","","21088","","21088","","21088","","21088","","21088","","21088","","21088","0","21088",""
"040117","21:09:16","308492107","63","5.0.6.0","Male","15817","","15817","39","15817","High school diploma or equivalent","15817","","15817","Right","15817","Home","11836","","11836","Hispanic or Latino (a person of Cuban, Mexican, Puerto Rican,  Cuban, South or Central American, or other Spanish culture or origin, regardless of race)","11836","","11836","","11836","","11836","","11836"," White (a person having origins in any of the original peoples of Europe, the Middle East,    or North Africa)","11836","","11836","Southwest - AZ, NM, OK, TX","21710","","21710","Yes","21710","","21710","","21710","A vehicle accident or crash?","21710","","21710","","21710","","21710","","21710","","21710","","21710","None","21710","0","20728","","20728","","20728","","20728","","20728","","20728","None","20728","","20728","","20728","0","20728",""
"040117","21:10:55","727821846","65","5.0.6.0","Female","5449","","5449","22","5449","Associate's degree","5449","","5449","Right","5449","Home","7184","","7184","Hispanic or Latino (a person of Cuban, Mexican, Puerto Rican,  Cuban, South or Central American, or other Spanish culture or origin, regardless of race)","7184","","7184","","7184","","7184","","7184"," White (a person having origins in any of the original peoples of Europe, the Middle East,    or North Africa)","7184","","7184","Midwest - IA, IL, IN, KS, MI, MN, MO, ND, NE, OH, SD, WI","20985","","20985","Yes","20985","","20985","","20985","","20985","","20985","","20985","None of the above","20985","","20985","","20985","","20985","None","20985","0","11510","","11510","","11510","","11510","","11510","","11510","None","11510","","11510","","11510","0","11510",""
"040117","19:09:59","185429097","67","5.0.6.0","Female","35041","","35041","44","35041","Master's degree","35041","","35041","Right","35041","Home","9251","","9251","Not Hispanic or Latino","9251","","9251"," Asian (a person having origins in any of the original peoples of the Far East, Southeast    Asia, or the Indian Subcontinent, including, for example, Cambodia, China, India, Japan,    Korea, Malaysia, Pakistan, the Philippine Islands, Thailand, and Vietnam)","9251","","9251","","9251","","9251","","9251","West - AK, CA, CO, HI, ID, MT, NV, OR, UT, WA, WY","18809","","18809","Yes","18809","","18809","","18809","A vehicle accident or crash?","18809","","18809","","18809","","18809","","18809","","18809","","18809","None","18809","0","16783","","16783","","16783","","16783","","16783","","16783","None","16783","","16783","","16783","0","16783",""
"040117","21:09:49","191074887","68","5.0.6.0","","8387","","8387","","8387","","8387","","8387","","8387","","","","","","","","","","","","","","","","","","","","","","","","","","","","","","","","","","","","","","","","","","","","","","","","","","","","","","","","","","","","","","","","",""
"040117","21:10:51","191074887","68","5.0.6.0","","5791","","5791","","5791","","5791","","5791","","5791","","","","","","","","","","","","","","","","","","","","","","","","","","","","","","","","","","","","","","","","","","","","","","","","","","","","","","","","","","","","","","","","",""
"040117","21:11:16","191074887","68","5.0.6.0","","54751","","54751","","54751","","54751","","54751","","54751","","","","","","","","","","","","","","","","","","","","","","","","","","","","","","","","","","","","","","","","","","","","","","","","","","","","","","","","","","","","","","","","",""
"040117","21:16:03","62835091","69","5.0.6.0","Male","11092","","11092","28","11092","High school diploma or equivalent","11092","","11092","Right","11092","Home","8216","","8216","Not Hispanic or Latino","8216","","8216","","8216","","8216","","8216"," White (a person having origins in any of the original peoples of Europe, the Middle East,    or North Africa)","8216","","8216","Southwest - AZ, NM, OK, TX","16887","","16887","Yes","16887","","16887","","16887","","16887","","16887","","16887","None of the above","16887","","16887","","16887","","16887","None","16887","0","10521","","10521","","10521","","10521","","10521","","10521","None","10521","","10521","","10521","0","10521",""
"040117","20:06:38","134266010","6","5.0.6.0","Female","7489","","7489","31","7489","Associate's degree","7489","","7489","Right","7489","Home","6896","","6896","Not Hispanic or Latino","6896","","6896","","6896","","6896","","6896"," White (a person having origins in any of the original peoples of Europe, the Middle East,    or North Africa)","6896","","6896","West - AK, CA, CO, HI, ID, MT, NV, OR, UT, WA, WY","29399","","29399","Yes","29399","","29399","","29399","A vehicle accident or crash?","29399","","29399","","29399","","29399","","29399","Concussion","29399","","29399","","29399","0","12338","","12338","","12338","Thyroid Disease","12338","","12338","","12338","","12338","","12338","","12338","0","12338",""
"040117","20:10:29","299127391","70","5.0.6.0","Female","15288","","15288","27","15288","Bachelor's degree","15288","","15288","Ambidextrous","15288","Home","15973","","15973","Hispanic or Latino (a person of Cuban, Mexican, Puerto Rican,  Cuban, South or Central American, or other Spanish culture or origin, regardless of race)","15973","","15973","","15973","","15973","","15973"," White (a person having origins in any of the original peoples of Europe, the Middle East,    or North Africa)","15973","","15973","West - AK, CA, CO, HI, ID, MT, NV, OR, UT, WA, WY","18234","","18234","Yes","18234","A fall in which you hit your head","18234","An altercation or fight that involved a blow to the head","18234","A vehicle accident or crash?","18234","","18234","A bullet wound, shrapnel, or other projectiles above the shoulders?","18234","","18234","","18234","Concussion","18234","","18234","","18234","1","8648","High blood pressure","8648","Diabetes","8648","","8648","Cancer","8648","","8648","","8648","","8648","","8648","1","8648",""
"040117","22:10:19","414595914","71","5.0.6.0","Male","3048","","3048","53","3048","Associate's degree","3048","","3048","Right","3048","Home","7944","","7944","Not Hispanic or Latino","7944","","7944","","7944","","7944","","7944"," White (a person having origins in any of the original peoples of Europe, the Middle East,    or North Africa)","7944","","7944","Southeast - AL, AR, FL, GA, KY, LA, MS, NC, SC, TN, VA, WV","15761","","15761","Yes","15761","","15761","","15761","","15761","","15761","","15761","None of the above","15761","","15761","","15761","","15761","None","15761","0","18428","","18428","Diabetes","18428","","18428","","18428","","18428","","18428","","18428","","18428","0","18428",""
"040117","22:10:37","609422261","72","5.0.6.0","Male","10240","","10240","37","10240","Associate's degree","10240","","10240","Right","10240","Home","8690","","8690","Not Hispanic or Latino","8690","","8690","","8690","","8690","","8690"," White (a person having origins in any of the original peoples of Europe, the Middle East,    or North Africa)","8690","","8690","Midwest - IA, IL, IN, KS, MI, MN, MO, ND, NE, OH, SD, WI","11276","","11276","Yes","11276","","11276","","11276","A vehicle accident or crash?","11276","","11276","","11276","","11276","","11276","","11276","","11276","None","11276","0","8924","","8924","","8924","","8924","","8924","","8924","None","8924","","8924","","8924","0","8924",""
"040117","19:11:04","717884379","74","5.0.6.0","Female","9126","","9126","35","9126","High school diploma or equivalent","9126","","9126","Right","9126","Home","6372","","6372","Not Hispanic or Latino","6372","","6372","","6372","","6372","","6372"," White (a person having origins in any of the original peoples of Europe, the Middle East,    or North Africa)","6372","","6372","West - AK, CA, CO, HI, ID, MT, NV, OR, UT, WA, WY","17032","","17032","Yes","17032","","17032","","17032","","17032","","17032","","17032","None of the above","17032","","17032","","17032","","17032","None","17032","0","9393","","9393","","9393","","9393","","9393","","9393","None","9393","","9393","","9393","0","9393",""
"040117","21:11:16","927442375","75","5.0.6.0","Male","10383","","10383","42","10383","Bachelor's degree","10383","","10383","Right","10383","Home","9919","","9919","Not Hispanic or Latino","9919","","9919","","9919","","9919","","9919"," White (a person having origins in any of the original peoples of Europe, the Middle East,    or North Africa)","9919","","9919","Midwest - IA, IL, IN, KS, MI, MN, MO, ND, NE, OH, SD, WI","19790","","19790","Yes","19790","","19790","","19790","","19790","","19790","","19790","None of the above","19790","","19790","","19790","","19790","None","19790","0","14930","High blood pressure","14930","","14930","","14930","","14930","","14930","","14930","","14930","","14930","0","14930",""
"040217","07:42:27","47547107","76","5.0.6.0","Male","59057","","59057","30","59057","Bachelor's degree","59057","","59057","Right","59057","Work","40297","","40297","Hispanic or Latino (a person of Cuban, Mexican, Puerto Rican,  Cuban, South or Central American, or other Spanish culture or origin, regardless of race)","40297","","40297","","40297"," Black or African American (a person having origins in any of the black racial groups of Africa)","40297","","40297","","40297","","40297","West - AK, CA, CO, HI, ID, MT, NV, OR, UT, WA, WY","70190","","70190","Yes","70190","","70190","","70190","","70190","","70190","","70190","None of the above","70190","","70190","Concussion","70190","","70190","","70190","0","28890","","28890","Diabetes","28890","","28890","","28890","","28890","","28890","","28890","","28890","1","28890",""
"040117","21:12:12","586835544","77","5.0.6.0","Female","11057","","11057","34","11057","Master's degree","11057","","11057","Right","11057","Home","153328","","153328","Not Hispanic or Latino","153328","","153328","","153328","","153328","","153328"," White (a person having origins in any of the original peoples of Europe, the Middle East,    or North Africa)","153328","","153328","Midwest - IA, IL, IN, KS, MI, MN, MO, ND, NE, OH, SD, WI","16945","","16945","Yes","16945","","16945","","16945","","16945","","16945","","16945","None of the above","16945","","16945","","16945","","16945","None","16945","0","10900","","10900","","10900","","10900","","10900","","10900","None","10900","","10900","","10900","0","10900",""
"040117","21:12:21","853846021","78","5.0.6.0","Female","39364","","39364","40","39364","Bachelor's degree","39364","","39364","Right","39364","Home","9737","","9737","Not Hispanic or Latino","9737","","9737","","9737"," Black or African American (a person having origins in any of the black racial groups of Africa)","9737","","9737","","9737","","9737","Southwest - AZ, NM, OK, TX","26997","","26997","Yes","26997","","26997","","26997","A vehicle accident or crash?","26997","","26997","","26997","","26997","Other blow to head","26997","","26997","","26997","None","26997","0","13373","High blood pressure","13373","","13373","","13373","","13373","","13373","","13373","","13373","","13373","1","13373",""
"040117","22:13:08","262013146","79","5.0.6.0","Female","18361","","18361","37","18361","Associate's degree","18361","","18361","Right","18361","Home","6386","","6386","Not Hispanic or Latino","6386","","6386","","6386"," Black or African American (a person having origins in any of the black racial groups of Africa)","6386","","6386","","6386","","6386","Northeast - CT, DC, DE, MA, MD, ME, NH, NJ, NY, PA, RI, VT","17836","","17836","Yes","17836","A fall in which you hit your head","17836","","17836","","17836","","17836","","17836","","17836","","17836","","17836","","17836","None","17836","0","11150","","11150","","11150","","11150","","11150","","11150","None","11150","","11150","","11150","0","11150",""
"040117","21:10:10","110769833","7","5.0.6.0","Female","13818","","13818","18","13818","High school diploma or equivalent","13818","","13818","Right","13818","Home","19183","","19183","Not Hispanic or Latino","19183","","19183","","19183"," Black or African American (a person having origins in any of the black racial groups of Africa)","19183","","19183","","19183","","19183","I live outside the United States (please specify)","32296","Jamaica, WI","32296","Yes","32296","","32296","","32296","","32296","","32296","","32296","None of the above","32296","","32296","","32296","","32296","None","32296","0","12807","","12807","","12807","","12807","","12807","","12807","None","12807","","12807","","12807","0","12807",""
"040117","21:22:11","60515691","80","5.0.6.0","Male","12475","","12475","26","12475","Associate's degree","12475","","12475","Right","12475","Home","7378","","7378","Not Hispanic or Latino","7378","","7378","","7378","","7378","","7378"," White (a person having origins in any of the original peoples of Europe, the Middle East,    or North Africa)","7378","","7378","Midwest - IA, IL, IN, KS, MI, MN, MO, ND, NE, OH, SD, WI","7764","","7764","Yes","7764","","7764","","7764","","7764","","7764","","7764","None of the above","7764","","7764","","7764","","7764","None","7764","0","5029","","5029","","5029","","5029","","5029","","5029","None","5029","","5029","","5029","0","5029",""
"040117","22:13:20","585045708","81","5.0.6.0","Female","47019","","47019","30","47019","Bachelor's degree","47019","","47019","Right","47019","Home","22527","","22527","Not Hispanic or Latino","22527","","22527"," Asian (a person having origins in any of the original peoples of the Far East, Southeast    Asia, or the Indian Subcontinent, including, for example, Cambodia, China, India, Japan,    Korea, Malaysia, Pakistan, the Philippine Islands, Thailand, and Vietnam)","22527","","22527","","22527","","22527","","22527","Southeast - AL, AR, FL, GA, KY, LA, MS, NC, SC, TN, VA, WV","45704","","45704","Yes","45704","","45704","","45704","","45704","","45704","","45704","None of the above","45704","","45704","","45704","","45704","None","45704","0","22683","","22683","","22683","","22683","","22683","","22683","None","22683","","22683","","22683","0","22683",""
"040117","22:21:22","725748420","83","5.0.6.0","Female","11622","","11622","44","11622","Associate's degree","11622","","11622","Right","11622","Home","10436","","10436","Not Hispanic or Latino","10436","","10436","","10436","","10436","","10436"," White (a person having origins in any of the original peoples of Europe, the Middle East,    or North Africa)","10436","","10436","Northeast - CT, DC, DE, MA, MD, ME, NH, NJ, NY, PA, RI, VT","37930","","37930","Yes","37930","","37930","","37930","","37930","","37930","","37930","None of the above","37930","","37930","","37930","","37930","None","37930","0","17181","","17181","","17181","","17181","","17181","","17181","None","17181","","17181","","17181","0","17181",""
"040117","19:13:58","978856964","84","5.0.6.0","Male","9059","","9059","44","9059","Associate's degree","9059","","9059","Right","9059","Home","12058","","12058","Not Hispanic or Latino","12058","","12058","","12058","","12058","","12058"," White (a person having origins in any of the original peoples of Europe, the Middle East,    or North Africa)","12058","","12058","West - AK, CA, CO, HI, ID, MT, NV, OR, UT, WA, WY","30880","","30880","Yes","30880","","30880","","30880","A vehicle accident or crash?","30880","","30880","","30880","","30880","","30880","","30880","","30880","None","30880","0","11655","","11655","","11655","","11655","","11655","","11655","None","11655","","11655","","11655","0","11655",""
"040217","07:44:50","949379604","85","5.0.6.0","Male","40548","","40548","30","40548","Bachelor's degree","40548","","40548","Left","40548","Work","17895","","17895","Hispanic or Latino (a person of Cuban, Mexican, Puerto Rican,  Cuban, South or Central American, or other Spanish culture or origin, regardless of race)","17895","","17895","","17895"," Black or African American (a person having origins in any of the black racial groups of Africa)","17895","","17895","","17895","","17895","West - AK, CA, CO, HI, ID, MT, NV, OR, UT, WA, WY","34446","","34446","Yes","34446","A fall in which you hit your head","34446","An altercation or fight that involved a blow to the head","34446","A vehicle accident or crash?","34446","A blast or explosion?","34446","A bullet wound, shrapnel, or other projectiles above the shoulders?","34446","","34446","","34446","Concussion","34446","","34446","","34446","1","23973","High blood pressure","23973","Diabetes","23973","Thyroid Disease","23973","Cancer","23973","Epilepsy","23973","","23973","","23973","","23973","1","23973",""
"040217","07:44:11","965962948","86","5.0.6.0","Male","66749","","66749","30","66749","Bachelor's degree","66749","","66749","Left","66749","Work","22382","","22382","Hispanic or Latino (a person of Cuban, Mexican, Puerto Rican,  Cuban, South or Central American, or other Spanish culture or origin, regardless of race)","22382","","22382","","22382"," Black or African American (a person having origins in any of the black racial groups of Africa)","22382","","22382","","22382","","22382","West - AK, CA, CO, HI, ID, MT, NV, OR, UT, WA, WY","30929","","30929","Yes","30929","A fall in which you hit your head","30929","An altercation or fight that involved a blow to the head","30929","A vehicle accident or crash?","30929","A blast or explosion?","30929","A bullet wound, shrapnel, or other projectiles above the shoulders?","30929","","30929","","30929","Concussion","30929","","30929","","30929","1","23302","High blood pressure","23302","Diabetes","23302","Thyroid Disease","23302","Cancer","23302","Epilepsy","23302","","23302","","23302","","23302","1","23302",""
"040117","21:14:05","255111146","87","5.0.6.0","Male","7097","","7097","19","7097","Associate's degree","7097","","7097","Left","7097","Home","6780","","6780","Not Hispanic or Latino","6780","","6780","","6780","","6780","","6780"," White (a person having origins in any of the original peoples of Europe, the Middle East,    or North Africa)","6780","","6780","Midwest - IA, IL, IN, KS, MI, MN, MO, ND, NE, OH, SD, WI","11176","","11176","Yes","11176","A fall in which you hit your head","11176","An altercation or fight that involved a blow to the head","11176","","11176","","11176","","11176","","11176","","11176","","11176","","11176","None","11176","0","6384","","6384","","6384","","6384","","6384","","6384","None","6384","","6384","","6384","0","6384",""
"040117","21:16:48","166940650","88","5.0.6.0","Female","25615","","25615","29","25615","Some college, no degree","25615","","25615","Left","25615","Home","104537","","104537","Not Hispanic or Latino","104537","","104537","","104537"," Black or African American (a person having origins in any of the black racial groups of Africa)","104537","","104537","","104537","","104537","Southwest - AZ, NM, OK, TX","73930","","73930","Yes","73930","A fall in which you hit your head","73930","","73930","A vehicle accident or crash?","73930","","73930","","73930","","73930","Other blow to head","73930","","73930","","73930","None","73930","0","49413","","49413","","49413","","49413","","49413","","49413","None","49413","","49413","","49413","0","49413",""
"040117","22:17:15","394113835","89","5.0.6.0","Male","31469","","31469","28","31469","Associate's degree","31469","","31469","Right","31469","Home","10145","","10145","Not Hispanic or Latino","10145","","10145","","10145","","10145","","10145"," White (a person having origins in any of the original peoples of Europe, the Middle East,    or North Africa)","10145","","10145","Northeast - CT, DC, DE, MA, MD, ME, NH, NJ, NY, PA, RI, VT","16871","","16871","Yes","16871","","16871","An altercation or fight that involved a blow to the head","16871","","16871","","16871","","16871","","16871","","16871","","16871","","16871","None","16871","0","7363","","7363","","7363","","7363","","7363","","7363","None","7363","","7363","","7363","0","7363",""
"040117","22:06:33","106782377","8","5.0.6.0","Male","8067","","8067","39","8067","Doctoral or professional degree","8067","","8067","Right","8067","Home","11552","","11552","Not Hispanic or Latino","11552","","11552","","11552","","11552","","11552"," White (a person having origins in any of the original peoples of Europe, the Middle East,    or North Africa)","11552","","11552","Southeast - AL, AR, FL, GA, KY, LA, MS, NC, SC, TN, VA, WV","29399","","29399","Yes","29399","","29399","","29399","A vehicle accident or crash?","29399","","29399","","29399","","29399","Other blow to head","29399","","29399","","29399","None","29399","0","15613","","15613","","15613","","15613","","15613","","15613","None","15613","","15613","","15613","0","15613",""
"040117","21:16:12","292259900","90","5.0.6.0","Male","22863","","22863","29","22863","Bachelor's degree","22863","","22863","Right","22863","Home","12634","","12634","Not Hispanic or Latino","12634","","12634","","12634","","12634","","12634"," White (a person having origins in any of the original peoples of Europe, the Middle East,    or North Africa)","12634","","12634","Southeast - AL, AR, FL, GA, KY, LA, MS, NC, SC, TN, VA, WV","15230","","15230","Yes","15230","","15230","","15230","","15230","","15230","","15230","None of the above","15230","","15230","","15230","","15230","None","15230","0","6513","","6513","","6513","","6513","","6513","","6513","None","6513","","6513","","6513","0","6513",""
"040117","21:16:40","988597101","91","5.0.6.0","Female","13059","","13059","29","13059","Some college, no degree","13059","","13059","Right","13059","Home","12199","","12199","Not Hispanic or Latino","12199","","12199","","12199","","12199","","12199"," White (a person having origins in any of the original peoples of Europe, the Middle East,    or North Africa)","12199","","12199","Midwest - IA, IL, IN, KS, MI, MN, MO, ND, NE, OH, SD, WI","18697","","18697","Yes","18697","","18697","","18697","","18697","","18697","","18697","None of the above","18697","","18697","","18697","","18697","None","18697","0","12242","","12242","Diabetes","12242","","12242","","12242","","12242","","12242","","12242","","12242","0","12242",""
"040117","21:16:41","464073275","92","5.0.6.0","Male","14488","","14488","39","14488","Some college, no degree","14488","","14488","Right","14488","Home","12000","","12000","Not Hispanic or Latino","12000","","12000","","12000","","12000","","12000"," White (a person having origins in any of the original peoples of Europe, the Middle East,    or North Africa)","12000","","12000","Southwest - AZ, NM, OK, TX","22145","","22145","Yes","22145","","22145","","22145","","22145","","22145","","22145","None of the above","22145","","22145","","22145","","22145","None","22145","0","17371","","17371","","17371","","17371","","17371","","17371","None","17371","","17371","","17371","0","17371",""
"040117","22:17:07","701680924","93","5.0.6.0","Male","11413","","11413","28","11413","High school diploma or equivalent","11413","","11413","Right","11413","Home","9486","","9486","Not Hispanic or Latino","9486","","9486","","9486","","9486","","9486"," White (a person having origins in any of the original peoples of Europe, the Middle East,    or North Africa)","9486","","9486","Midwest - IA, IL, IN, KS, MI, MN, MO, ND, NE, OH, SD, WI","17737","","17737","Yes","17737","A fall in which you hit your head","17737","","17737","A vehicle accident or crash?","17737","","17737","","17737","","17737","","17737","","17737","","17737","None","17737","0","11693","","11693","","11693","","11693","","11693","","11693","None","11693","","11693","","11693","0","11693",""
"040117","22:22:56","805076499","94","5.0.6.0","Male","7906","","7906","26","7906","Some college, no degree","7906","","7906","Right","7906","Home","6054","","6054","Not Hispanic or Latino","6054","","6054","","6054","","6054","","6054"," White (a person having origins in any of the original peoples of Europe, the Middle East,    or North Africa)","6054","","6054","Northeast - CT, DC, DE, MA, MD, ME, NH, NJ, NY, PA, RI, VT","15993","","15993","Yes","15993","","15993","An altercation or fight that involved a blow to the head","15993","","15993","","15993","","15993","","15993","","15993","","15993","","15993","None","15993","0","12164","","12164","","12164","","12164","","12164","","12164","None","12164","","12164","","12164","0","12164",""
"040117","21:21:23","229509816","95","5.0.6.0","Male","11323","","11323","36","11323","Master's degree","11323","","11323","Right","11323","Home","11634","","11634","Not Hispanic or Latino","11634","American Indian or Alaska Native (a person having origins in any of the original peoples    of North and South America (including Central America) who maintains cultural    identification through tribal affiliation or community attachment)","11634","","11634","","11634","","11634"," White (a person having origins in any of the original peoples of Europe, the Middle East,    or North Africa)","11634","","11634","Midwest - IA, IL, IN, KS, MI, MN, MO, ND, NE, OH, SD, WI","24978","","24978","Yes","24978","","24978","An altercation or fight that involved a blow to the head","24978","","24978","","24978","","24978","","24978","","24978","Concussion","24978","","24978","","24978","0","9356","","9356","","9356","","9356","","9356","","9356","None","9356","","9356","","9356","0","9356",""
"040117","22:20:57","742295202","98","5.0.6.0","Male","10232","","10232","30","10232","Bachelor's degree","10232","","10232","Right","10232","Home","10285","","10285","Not Hispanic or Latino","10285","","10285"," Asian (a person having origins in any of the original peoples of the Far East, Southeast    Asia, or the Indian Subcontinent, including, for example, Cambodia, China, India, Japan,    Korea, Malaysia, Pakistan, the Philippine Islands, Thailand, and Vietnam)","10285","","10285","","10285","","10285","","10285","Northeast - CT, DC, DE, MA, MD, ME, NH, NJ, NY, PA, RI, VT","13046","","13046","Yes","13046","","13046","","13046","","13046","","13046","","13046","None of the above","13046","","13046","","13046","","13046","None","13046","0","10887","","10887","","10887","","10887","","10887","","10887","None","10887","","10887","","10887","0","10887",""
"040117","19:21:35","60248944","99","5.0.6.0","Male","10015","","10015","34","10015","Bachelor's degree","10015","","10015","Right","10015","Home","18643","","18643","Hispanic or Latino (a person of Cuban, Mexican, Puerto Rican,  Cuban, South or Central American, or other Spanish culture or origin, regardless of race)","18643","American Indian or Alaska Native (a person having origins in any of the original peoples    of North and South America (including Central America) who maintains cultural    identification through tribal affiliation or community attachment)","18643","","18643","","18643","","18643","","18643","","18643","West - AK, CA, CO, HI, ID, MT, NV, OR, UT, WA, WY","11811","","11811","Yes","11811","","11811","","11811","","11811","","11811","","11811","None of the above","11811","","11811","","11811","","11811","None","11811","0","9248","","9248","","9248","","9248","","9248","","9248","None","9248","","9248","","9248","0","9248",""
"040117","22:07:14","209934506","9","5.0.6.0","Male","9022","","9022","19","9022","Some college, no degree","9022","","9022","Right","9022","Home","6370","","6370","Not Hispanic or Latino","6370","","6370","","6370","","6370","","6370"," White (a person having origins in any of the original peoples of Europe, the Middle East,    or North Africa)","6370","","6370","Northeast - CT, DC, DE, MA, MD, ME, NH, NJ, NY, PA, RI, VT","13094","","13094","Yes","13094","","13094","","13094","","13094","","13094","","13094","None of the above","13094","","13094","","13094","","13094","None","13094","0","7721","","7721","","7721","","7721","","7721","","7721","None","7721","","7721","","7721","0","7721",""
